Subject,PASS,,,
081030_NC89WB,TRUE,,,
081101_HG45HB,TRUE,,,
081101_XC45YB,TRUE,,,
081104_CK37CB,TRUE,,,
081108_CH36DK,TRUE,,,
081108_KY89TK,TRUE,,,
081115_FM95TK,TRUE,,,
081115_JH43QK,TRUE,,,
081115_VF58TB,TRUE,,,
081118_AY63CB,TRUE,,,
081118_EK52XB,TRUE,,,
081118_RF83XB,TRUE,,,
081121_RK89NK,TRUE,,,
081121_TG33QB,TRUE,,,
081122_HP38DB,TRUE,,,
081122_MZ77VK,TRUE,,,
081122_PX56VB,TRUE,,,
081125_SQ28TK,TRUE,,,
081129_RK87JK,TRUE,,,
081202_UC93MK,TRUE,,,
081202_US23QB,TRUE,,,
081202_XZ77XK,TRUE,,,
081213_HT32EB,TRUE,,,
081213_MQ68JB,TRUE,,,
081213_MR32XB,TRUE,,,
081213_NK66TK,TRUE,,,
081216_NN63XK,TRUE,,,
081216_NR28PK,TRUE,,,
081216_RR36KB,TRUE,,,
081216_VY37FB,TRUE,,,
081220_JS29GB,TRUE,,,
081220_PJ82PK,TRUE,,,
081220_VW86TK,TRUE,,,
090106_PM46WK,TRUE,,,
090106_WJ52FK,TRUE,,,
090106_YP53JB,TRUE,,,
090110_FZ45CK,TRUE,,,
090110_MG55BK,TRUE,,,
090110_RS88CK,TRUE,,,
090113_WZ87JB,TRUE,,,
090117_ER76FK,TRUE,,,
090117_KN26UB,TRUE,,,
090117_XF93NK,TRUE,,,
090119_MM58XK,TRUE,,,
090120_CV34VB,TRUE,,,
090120_GS93ZB,TRUE,,,
090120_MJ47WK,TRUE,,,
090121_KZ86JK,TRUE,,,
090122_GQ43TK,TRUE,,,
090124_FE88KB,TRUE,,,
090127_DZ57BB,TRUE,,,
090127_QC87KK,TRUE,,,
090128_HN36DK,TRUE,,,
090128_HW95JK,TRUE,,,
090128_KR88BB,TRUE,,,
090131_BD54CK,TRUE,,,
090131_GY94BB,TRUE,,,
090131_NM93WB,TRUE,,,
090131_QP96UK,TRUE,,,
090201_YF96RB,TRUE,,,
090204_JG47PK,TRUE,,,
090207_BJ47EB,TRUE,,,
090207_WV34VK,TRUE,,,
090207_XP75BB,TRUE,,,
090207_ZG54XB,TRUE,,,
090210_CF43BK,TRUE,,,
090211_HR89FK,TRUE,,,
090211_SZ63GK,TRUE,,,
090214_CA84XB,TRUE,,,
090214_HS87KB,TRUE,,,
090214_NN86RB,TRUE,,,
090214_TE76SB,TRUE,,,
090214_VQ69QK,TRUE,,,
090216_XK24MB,TRUE,,,
090216_XP68VB,TRUE,,,
090218_TW84WK,TRUE,,,
090221_XQ67GB,TRUE,,,
090224_QE54CK,TRUE,,,
090225_WP46YK,TRUE,,,
090226_QR36KK,TRUE,,,
090227_VW83RK,TRUE,,,
090302_BX75NB,TRUE,,,
090302_XP39SK,TRUE,,,
090303_FD77JK,TRUE,,,
090304_NC99VB,TRUE,,,
090305_ZC33CB,TRUE,,,
090307_NT82KB,TRUE,,,
090307_TK36VK,TRUE,,,
090310_BV32QK,TRUE,,,
090310_MC47GB,TRUE,,,
090311_SR56QB,TRUE,,,
090314_CR35BB,TRUE,,,
090314_VN49EK,TRUE,,,
090316_SM56RK,TRUE,,,
090317_NQ74PB,TRUE,,,
090317_YQ55DB,TRUE,,,
090318_MD74MB,TRUE,,,
090321_CE85DB,TRUE,,,
090321_DT74ZK,TRUE,,,
090321_EG36WK,TRUE,,,
090324_KE47MK,TRUE,,,
090325_BG97NB,TRUE,,,
090326_VG65GK,TRUE,,,
090327_PK44JK,TRUE,,,
090328_CX62YK,TRUE,,,
090328_EG97BK,TRUE,,,
090328_EX53FK,TRUE,,,
090328_GW85MK,TRUE,,,
090328_RE87GK,TRUE,,,
090328_XF45WB,TRUE,,,
090328_ZJ73UK,TRUE,,,
090330_BE85YB,TRUE,,,
090330_KB34AK,TRUE,,,
090330_TB87BB,TRUE,,,
090401_YV74BB,TRUE,,,
090404_SM64DB,TRUE,,,
090407_SB29SK,TRUE,,,
090409_SH74YK,TRUE,,,
090409_SQ96JK,TRUE,,,
090413_BB88TK,TRUE,,,
090413_PG76BK,TRUE,,,
090414_DG28HB,TRUE,,,
090414_RX85UB,TRUE,,,
090414_WU77YK,TRUE,,,
090414_WZ32UK,TRUE,,,
090415_DD88GK,TRUE,,,
090421_JW83CB,TRUE,,,
090425_FY89SB,TRUE,,,
090425_GD97HB,TRUE,,,
090425_GS44MB,TRUE,,,
090425_GY88NB,TRUE,,,
090425_JB27PB,TRUE,,,
090425_VC67KB,TRUE,,,
090427_DW86AB,TRUE,,,
090427_NY83QK,TRUE,,,
090427_VQ28GK,TRUE,,,
090428_CG88YB,TRUE,,,
090502_PY72CB,TRUE,,,
090507_EJ34KK,TRUE,,,
090508_KS68SK,TRUE,,,
090512_TU56FK,TRUE,,,
090514_EW84NH,TRUE,,,
090514_HW24BB,TRUE,,,
090515_MH67YH,TRUE,,,
090515_MT47EH,TRUE,,,
090515_UU68FH,TRUE,,,
090516_CZ49PK,TRUE,,,
090516_KH88MK,TRUE,,,
090519_AA89HU,TRUE,,,
090519_BS33KK,TRUE,,,
090519_RK47TB,TRUE,,,
090519_SG43HK,TRUE,,,
090519_SY38FB,TRUE,,,
090521_FJ28ZH,TRUE,,,
090523_CB36WB,TRUE,,,
090524_FM38MB,TRUE,,,
090527_AR25MB,TRUE,,,
090527_JT28FB,TRUE,,,
090527_SP37DK,TRUE,,,
090529_BC63AU,TRUE,,,
090529_PE68YB,TRUE,,,
090530_BD98XB,TRUE,,,
090530_GT85SK,TRUE,,,
090602_FM72FK,TRUE,,,
090604_QY33HK,TRUE,,,
090606_MK27GB,TRUE,,,
090606_XY96QK,TRUE,,,
090608_RU48SH,TRUE,,,
090609_KG63VB,TRUE,,,
090610_KD47QK,TRUE,,,
090610_UJ57MB,TRUE,,,
090611_RK74KK,TRUE,,,
090612_SR78XK,TRUE,,,
090613_FR28UB,TRUE,,,
090616_KZ69KH,TRUE,,,
090616_ME56WB,TRUE,,,
090616_UD83BH,TRUE,,,
090618_DC53QK,TRUE,,,
090618_KC84FH,TRUE,,,
090618_MY83QK,TRUE,,,
090618_WJ66MH,TRUE,,,
090618_XM97XH,TRUE,,,
090619_PY43TH,TRUE,,,
090620_EV73TK,TRUE,,,
090620_FT35NB,TRUE,,,
090620_TT66JB,TRUE,,,
090622_DN86WH,TRUE,,,
090622_EB46ZB,TRUE,,,
090622_FP98JB,TRUE,,,
090622_KA48JH,TRUE,,,
090622_QQ53ZB,TRUE,,,
090622_UW63RK,TRUE,,,
090622_XB79DB,TRUE,,,
090623_BM84DH,TRUE,,,
090623_CB73WU,TRUE,,,
090625_PY99GK,TRUE,,,
090629_EB88QH,TRUE,,,
090629_HE63VH,TRUE,,,
090629_HQ36UH,TRUE,,,
090630_RJ83WH,TRUE,,,
090630_RX83QK,TRUE,,,
090630_YY55UH,TRUE,,,
090701_DQ62WU,TRUE,,,
090701_WY73XH,TRUE,,,
090702_DQ45CH,TRUE,,,
090702_EB53KU,TRUE,,,
090702_HX45XU,TRUE,,,
090702_JX37AU,TRUE,,,
090702_RM88SH,TRUE,,,
090702_SB46AB,TRUE,,,
090702_UW23TH,TRUE,,,
090703_NS34JU,TRUE,,,
090706_DE54EH,TRUE,,,
090706_EE52KU,TRUE,,,
090706_JW54JH,TRUE,,,
090707_MA98RK,TRUE,,,
090707_PV66TH,TRUE,,,
090708_BJ38PU,TRUE,,,
090708_NZ36PU,TRUE,,,
090709_DT42TU,TRUE,,,
090709_JS34XH,TRUE,,,
090709_TD46WH,TRUE,,,
090709_UP72PU,TRUE,,,
090710_GQ73DK,TRUE,,,
090710_NK38TU,TRUE,,,
090711_GM54UB,TRUE,,,
090711_HH58DK,TRUE,,,
090711_WU83XB,TRUE,,,
090711_WZ45VK,TRUE,,,
090714_NV88PB,TRUE,,,
090714_WQ64TK,FALSE,,,
090716_DJ35KK,TRUE,,,
090716_FQ57UU,TRUE,,,
090716_JP27HU,TRUE,,,
090716_QS89WH,TRUE,,,
090716_RK56EB,TRUE,,,
090716_TT83FB,TRUE,,,
090716_TV86QU,TRUE,,,
090716_VE66YB,TRUE,,,
090716_WB59WH,TRUE,,,
090717_CG66MK,TRUE,,,
090717_XY79MH,TRUE,,,
090718_FJ45CK,TRUE,,,
090718_RS57BK,TRUE,,,
090720_BN53PU,TRUE,,,
090720_QJ63GK,TRUE,,,
090720_UT93XH,TRUE,,,
090721_ZR99UK,TRUE,,,
090722_JX68DB,TRUE,,,
090722_KC42JU,TRUE,,,
090723_MN72RH,TRUE,,,
090723_YR36WU,TRUE,,,
090724_ZN86HH,TRUE,,,
090725_PM95TK,TRUE,,,
090725_TV39JB,TRUE,,,
090726_PC78CK,TRUE,,,
090727_DQ77KH,TRUE,,,
090727_GF75XU,TRUE,,,
090730_WB95YU,TRUE,,,
090731_DQ57HH,TRUE,,,
090731_NN64RH,TRUE,,,
090801_DE43PB,TRUE,,,
090801_KN43WB,TRUE,,,
090803_UW85VH,TRUE,,,
090804_GX38EU,TRUE,,,
090804_JP86DH,TRUE,,,
090804_WQ26NU,TRUE,,,
090805_UU53EB,TRUE,,,
090805_VG34XU,TRUE,,,
090805_YF49FH,TRUE,,,
090806_AW59AB,TRUE,,,
090806_MX73TH,TRUE,,,
090806_SV66SU,TRUE,,,
090806_TH45NU,TRUE,,,
090806_XC65YH,TRUE,,,
090806_YF83JU,TRUE,,,
090806_ZB57PU,TRUE,,,
090807_HC39QU,TRUE,,,
090807_PN44PU,TRUE,,,
090808_KH58WB,TRUE,,,
090810_JF45TU,TRUE,,,
090810_UF35AU,TRUE,,,
090810_VK73HU,TRUE,,,
090811_CX52PK,TRUE,,,
090812_BA52TU,TRUE,,,
090812_CX43SB,TRUE,,,
090812_RY46XK,TRUE,,,
090813_FQ78NU,TRUE,,,
090813_VU95BB,TRUE,,,
090813_WB65MU,TRUE,,,
090814_UG68PH,TRUE,,,
090815_EN97BB,TRUE,,,
090815_YY38CB,TRUE,,,
090816_QM94TK,TRUE,,,
090817_GU35RH,TRUE,,,
090818_DH86KH,TRUE,,,
090818_HX87NH,TRUE,,,
090819_AA57QU,TRUE,,,
090819_KQ66WB,TRUE,,,
090819_VN54WB,TRUE,,,
090820_DD66JU,TRUE,,,
090820_DJ78JU,TRUE,,,
090820_PM99PH,TRUE,,,
090820_QQ92UH,TRUE,,,
090820_UK36VU,TRUE,,,
090820_XK47PU,TRUE,,,
090821_FB88JU,TRUE,,,
090822_FT35QB,TRUE,,,
090822_KZ84YB,TRUE,,,
090822_UF93QK,TRUE,,,
090822_US66UK,TRUE,,,
090825_KH33HB,TRUE,,,
090825_NV54JB,TRUE,,,
090826_HJ59TH,TRUE,,,
090826_JA67RU,TRUE,,,
090827_AW53JU,TRUE,,,
090827_RX62SH,TRUE,,,
090827_UT32PK,TRUE,,,
090827_YF76KK,TRUE,,,
090828_DT76QH,TRUE,,,
090829_UN24AK,TRUE,,,
090831_DM43YU,TRUE,,,
090831_PU77JB,TRUE,,,
090831_SJ35AH,TRUE,,,
090831_WQ82YH,TRUE,,,
090902_TY34QU,TRUE,,,
090903_DC53TH,TRUE,,,
090903_DX33CU,TRUE,,,
090903_EX59KH,TRUE,,,
090903_JR73SB,TRUE,,,
090903_JU89DH,TRUE,,,
090903_RG83SH,TRUE,,,
090903_SX77FK,TRUE,,,
090904_ZW84BK,TRUE,,,
090909_QC52GH,TRUE,,,
090910_PF28GH,TRUE,,,
090910_PX67GH,TRUE,,,
090910_QQ78RH,TRUE,,,
090911_WY86XB,TRUE,,,
090913_RG34NU,TRUE,,,
090913_XN49VH,TRUE,,,
090913_YR86DH,TRUE,,,
090914_DD36GB,TRUE,,,
090914_DJ48AU,TRUE,,,
090914_NW95MB,TRUE,,,
090914_SY46KU,TRUE,,,
090914_WJ88NK,TRUE,,,
090916_ZW76CH,TRUE,,,
090917_AY84PK,TRUE,,,
090917_FX75XU,TRUE,,,
090917_KW73FH,TRUE,,,
090917_NK65CH,TRUE,,,
090917_ST73FB,TRUE,,,
090917_UF46WH,TRUE,,,
090918_HU97VK,TRUE,,,
090920_CW55XH,TRUE,,,
090920_CW73NU,TRUE,,,
090920_MR79NH,TRUE,,,
090920_SK27CH,TRUE,,,
090920_VQ64JH,TRUE,,,
090920_XV47PU,TRUE,,,
090922_FZ57YU,TRUE,,,
090922_HU52SU,TRUE,,,
090922_ND38XU,TRUE,,,
090922_RU52BH,TRUE,,,
090922_TJ54HH,TRUE,,,
090922_UP25SH,TRUE,,,
090923_BG39ZH,TRUE,,,
090923_PH66XU,TRUE,,,
090923_SM23YH,TRUE,,,
090924_EF73UB,TRUE,,,
090924_JK78VH,TRUE,,,
090924_QC83ZU,TRUE,,,
090924_TA83SB,TRUE,,,
090925_UM77KB,TRUE,,,
090927_MQ45BH,TRUE,,,
090927_SV78UU,TRUE,,,
090927_ZG66WU,TRUE,,,
090928_GR74KU,TRUE,,,
090929_DF24NH,TRUE,,,
090929_KP65AB,TRUE,,,
090929_XQ38CH,TRUE,,,
090930_KX74PB,TRUE,,,
091001_GH33DH,TRUE,,,
091001_WS57TU,TRUE,,,
091001_WV45CU,TRUE,,,
091001_WX35YB,TRUE,,,
091001_ZH42HK,TRUE,,,
091002_FQ85AB,TRUE,,,
091004_AQ34XU,TRUE,,,
091004_FE87NU,TRUE,,,
091004_HZ55QH,TRUE,,,
091004_PH35RH,TRUE,,,
091004_WJ72CH,TRUE,,,
091006_BN54KB,TRUE,,,
091006_GS69SU,TRUE,,,
091006_PA58XH,TRUE,,,
091006_YN89DU,TRUE,,,
091007_GY35RU,TRUE,,,
091007_ZE64JH,TRUE,,,
091008_QY58ZK,TRUE,,,
091008_TC52MH,TRUE,,,
091009_QH36QK,TRUE,,,
091013_DB47HU,TRUE,,,
091013_DC77AH,TRUE,,,
091013_HM98YH,TRUE,,,
091013_MJ95PU,TRUE,,,
091013_WF34CU,TRUE,,,
091013_YM36RH,TRUE,,,
091014_GN37EU,TRUE,,,
091014_NR53FU,TRUE,,,
091014_WE77QH,TRUE,,,
091015_CF78VB,TRUE,,,
091015_PY46NK,TRUE,,,
091015_XS43QB,TRUE,,,
091018_BD48XU,TRUE,,,
091018_CT88HU,TRUE,,,
091018_XT83SU,TRUE,,,
091018_YB85HH,TRUE,,,
091018_YT23JU,TRUE,,,
091018_ZT96ZU,TRUE,,,
091019_BX75BB,TRUE,,,
091019_RK95QK,TRUE,,,
091020_DB56XU,TRUE,,,
091020_MQ53WH,TRUE,,,
091020_VE88WU,TRUE,,,
091022_BB27QH,TRUE,,,
091022_CW38VH,TRUE,,,
091022_TV33AU,TRUE,,,
091023_NJ93ZK,TRUE,,,
091023_RX33WB,TRUE,,,
091025_CF84TH,TRUE,,,
091025_JX82VU,TRUE,,,
091025_PU23BH,TRUE,,,
091025_VQ44MH,TRUE,,,
091026_UT26UU,TRUE,,,
091027_EE55SU,TRUE,,,
091027_GT33HH,TRUE,,,
091027_JU76VU,TRUE,,,
091027_KC46TH,TRUE,,,
091027_RX76FH,TRUE,,,
091027_SS95WH,TRUE,,,
091027_YQ86KU,TRUE,,,
091028_AB39FH,TRUE,,,
091028_WV43VU,TRUE,,,
091029_FK48AH,TRUE,,,
091029_JH55UH,TRUE,,,
091029_SG66CH,TRUE,,,
091029_WZ62VK,TRUE,,,
091103_EV23GH,TRUE,,,
091103_MP48TB,TRUE,,,
091103_PB33FU,TRUE,,,
091105_FA85ZU,TRUE,,,
091105_RK42DB,TRUE,,,
091105_TJ57EK,TRUE,,,
091105_WB45UH,TRUE,,,
091105_YN25QK,TRUE,,,
091106_JV55NB,TRUE,,,
091106_WY37RK,TRUE,,,
091107_BB57EK,TRUE,,,
091107_GB86CH,TRUE,,,
091107_GV48GB,TRUE,,,
091107_HG69JH,TRUE,,,
091107_TF66MB,TRUE,,,
091107_UU55XU,TRUE,,,
091107_XV58PH,TRUE,,,
091109_BX68XU,TRUE,,,
091110_HW38GH,TRUE,,,
091110_PV74ZK,TRUE,,,
091110_RQ82YH,TRUE,,,
091111_DH33ZB,TRUE,,,
091112_CS59AB,TRUE,,,
091112_EJ49VH,TRUE,,,
091112_MV73MU,TRUE,,,
091112_TQ43TU,TRUE,,,
091115_RS68TH,TRUE,,,
091115_RU58ZH,TRUE,,,
091115_VE64KH,TRUE,,,
091117_BZ38BU,TRUE,,,
091117_FW62PU,TRUE,,,
091117_QZ37QH,TRUE,,,
091117_VG46SU,TRUE,,,
091117_VK68WB,TRUE,,,
091117_YS49XH,TRUE,,,
091118_QW58HU,TRUE,,,
091119_GA43AU,TRUE,,,
091119_MG36NH,TRUE,,,
091119_RM92ZB,TRUE,,,
091119_RV36QB,TRUE,,,
091119_XD34FK,TRUE,,,
091120_HF65FB,TRUE,,,
091120_PX55WB,TRUE,,,
091122_BS66DH,TRUE,,,
091122_EA96ZH,TRUE,,,
091122_JX56CH,TRUE,,,
091122_ZV57RH,TRUE,,,
091123_GQ68EU,TRUE,,,
091123_XV87XU,TRUE,,,
091124_ED55DH,TRUE,,,
091124_FN28PK,TRUE,,,
091124_NF53VU,TRUE,,,
091124_PM48FK,TRUE,,,
091124_SC56RH,TRUE,,,
091124_WJ44SU,TRUE,,,
091125_ZW88CB,TRUE,,,
091201_KC82WH,TRUE,,,
091201_VC24PH,TRUE,,,
091201_YM76DH,TRUE,,,
091202_DV47FB,TRUE,,,
091202_KK86SU,TRUE,,,
091203_BW42VK,TRUE,,,
091203_MJ77RH,TRUE,,,
091203_MS39DU,TRUE,,,
091205_AX69BH,TRUE,,,
091205_BB33PU,TRUE,,,
091205_GQ87RH,TRUE,,,
091205_NJ69KU,TRUE,,,
091205_PP67GU,TRUE,,,
091205_WR84MH,TRUE,,,
091206_DX67FU,TRUE,,,
091206_EF68NU,TRUE,,,
091206_KC45YU,TRUE,,,
091207_TN73MB,TRUE,,,
091208_BF85VH,TRUE,,,
091208_CW37SH,TRUE,,,
091208_GM47PU,TRUE,,,
091208_KX48NU,TRUE,,,
091208_TR25KB,TRUE,,,
091209_HU66TB,TRUE,,,
091210_PR97RH,TRUE,,,
091210_RM56WU,TRUE,,,
091210_XX86AB,TRUE,,,
091215_KM39VH,TRUE,,,
091215_MJ32VU,TRUE,,,
091215_WM74WH,TRUE,,,
091215_XX88CK,TRUE,,,
091216_ZX37WK,TRUE,,,
091217_CC83PK,TRUE,,,
091217_DE57DK,TRUE,,,
091217_XX82BK,TRUE,,,
091217_YT75JU,TRUE,,,
091218_FD65JK,TRUE,,,
091218_SQ43VK,TRUE,,,
091221_BH73FU,TRUE,,,
091221_GZ65QK,TRUE,,,
091222_BY88QU,TRUE,,,
091222_EV77WH,TRUE,,,
091222_UH45WH,TRUE,,,
100107_GA76XB,TRUE,,,
100107_HF73TB,TRUE,,,
100107_ZZ55XB,TRUE,,,
100110_HU67UU,TRUE,,,
100110_WY34BH,TRUE,,,
100112_BR85MU,TRUE,,,
100112_JF24KH,TRUE,,,
100112_NK25EU,TRUE,,,
100112_WK35HH,TRUE,,,
100113_BS53EB,TRUE,,,
100114_HP88KB,TRUE,,,
100114_NF69GU,TRUE,,,
100115_HR82ZB,TRUE,,,
100119_QW34SU,TRUE,,,
100119_RH38CH,TRUE,,,
100119_VN66ZH,TRUE,,,
100120_DQ57PH,TRUE,,,
100120_UN32HH,TRUE,,,
100121_AA97MB,TRUE,,,
100121_GF37CB,TRUE,,,
100121_ST38AU,TRUE,,,
100121_YW66DU,TRUE,,,
100122_TY62MB,TRUE,,,
100123_DC27DU,TRUE,,,
100123_NN78WU,TRUE,,,
100123_UA78YU,TRUE,,,
100123_UN59CH,TRUE,,,
100123_ZA53YU,TRUE,,,
100126_EM96PU,TRUE,,,
100126_FV85TH,TRUE,,,
100126_JG48MU,TRUE,,,
100126_JS64PH,TRUE,,,
100126_TX57EU,TRUE,,,
100126_UK49RK,TRUE,,,
100126_UW42UU,TRUE,,,
100126_ZW38YU,TRUE,,,
100128_CU69NU,TRUE,,,
100128_RX68QB,TRUE,,,
100128_SA44BK,TRUE,,,
100128_ZD57EU,TRUE,,,
100129_AK78DB,TRUE,,,
100131_BT37YU,TRUE,,,
100131_FU83XU,TRUE,,,
100131_NJ54ZU,TRUE,,,
100202_BV66CK,TRUE,,,
100202_FX25SU,TRUE,,,
100202_TN82KH,TRUE,,,
100202_UB75WH,TRUE,,,
100202_XP59TU,TRUE,,,
100203_HS56EB,TRUE,,,
100204_BB37SH,TRUE,,,
100204_QM84SK,TRUE,,,
100204_UR25GU,TRUE,,,
100204_XF66YK,TRUE,,,
100205_SV75HK,TRUE,,,
100207_CC97YH,TRUE,,,
100207_CE46GU,TRUE,,,
100207_JQ79NU,TRUE,,,
100207_XG88WU,TRUE,,,
100208_KY77VH,TRUE,,,
100208_WG54PB,TRUE,,,
100209_HK82WU,TRUE,,,
100209_JK56SH,TRUE,,,
100209_NJ42GH,TRUE,,,
100209_VQ23SU,TRUE,,,
100209_YH66BU,TRUE,,,
100211_DS38EB,TRUE,,,
100211_NX44RH,TRUE,,,
100211_RR54YK,TRUE,,,
100211_SK82RU,TRUE,,,
100211_SR35DU,TRUE,,,
100212_NP54HU,TRUE,,,
100212_RX77NU,TRUE,,,
100214_TK68KK,TRUE,,,
100216_GJ93AU,TRUE,,,
100216_MX48RH,TRUE,,,
100216_PR86HK,TRUE,,,
100216_RU68JH,TRUE,,,
100216_VG93GU,TRUE,,,
100218_BX27MU,TRUE,,,
100218_DJ36HU,TRUE,,,
100218_UF82CH,TRUE,,,
100218_US49SH,TRUE,,,
100221_GN83DU,TRUE,,,
100221_JQ45TH,TRUE,,,
100221_TV23WU,TRUE,,,
100221_VP45TH,TRUE,,,
100222_MN93BU,TRUE,,,
100222_MV62RH,TRUE,,,
100223_PX92CB,TRUE,,,
100223_XU63BU,TRUE,,,
100224_HW72RB,TRUE,,,
100225_CE78HK,TRUE,,,
100225_JJ56CH,TRUE,,,
100225_MN33HH,TRUE,,,
100225_MU52DH,TRUE,,,
100225_RR47HU,TRUE,,,
100227_ET98BH,TRUE,,,
100227_RF77HU,TRUE,,,
100227_XH96AH,TRUE,,,
100228_DP58XH,TRUE,,,
100228_HS33SU,TRUE,,,
100228_MC44UU,TRUE,,,
100228_UT39KH,TRUE,,,
100228_XM55PU,TRUE,,,
100301_FB48CB,TRUE,,,
100301_QY87JB,TRUE,,,
100301_US94YH,TRUE,,,
100302_DH83QH,TRUE,,,
100302_DN34RU,TRUE,,,
100302_NR42NU,TRUE,,,
100303_GF86EH,TRUE,,,
100303_NR22ZU,TRUE,,,
100304_DT47HB,TRUE,,,
100304_KS26SU,TRUE,,,
100304_RY98ZH,TRUE,,,
100304_SV85SK,TRUE,,,
100304_TJ85TH,TRUE,,,
100304_YH72DH,TRUE,,,
100306_NV44TH,TRUE,,,
100306_QD95CU,TRUE,,,
100306_SD47MU,TRUE,,,
100307_EX55YH,TRUE,,,
100307_HB26XH,TRUE,,,
100307_QY57UH,TRUE,,,
100308_CQ45RU,TRUE,,,
100308_SP82AU,TRUE,,,
100309_BS98XB,TRUE,,,
100309_DB78DU,TRUE,,,
100309_QU45UU,TRUE,,,
100309_VG43GH,TRUE,,,
100309_WG65DH,TRUE,,,
100310_TQ37WK,TRUE,,,
100311_KH52KH,TRUE,,,
100311_QC99DH,TRUE,,,
100311_RD78TU,TRUE,,,
100311_TF73ZU,TRUE,,,
100311_UH38BB,TRUE,,,
100311_WZ43NH,TRUE,,,
100311_YB44EU,TRUE,,,
100312_FU25KK,TRUE,,,
100315_QC56XU,TRUE,,,
100316_CF93RH,TRUE,,,
100316_CT48XU,TRUE,,,
100316_GJ36BB,TRUE,,,
100316_TA23TH,TRUE,,,
100316_VP93HH,TRUE,,,
100318_CF33EB,TRUE,,,
100318_CG74SU,TRUE,,,
100318_DD87BH,TRUE,,,
100319_TY44TB,TRUE,,,
100320_JP23TU,TRUE,,,
100321_JH64ZH,TRUE,,,
100321_ME77GU,TRUE,,,
100321_NB99FH,TRUE,,,
100321_PE88QU,TRUE,,,
100321_SA66VU,TRUE,,,
100321_SE36TH,TRUE,,,
100322_FE58BU,TRUE,,,
100323_EP55WH,TRUE,,,
100323_GU25GU,TRUE,,,
100323_YU23RK,TRUE,,,
100324_SS59BK,TRUE,,,
100325_MV54RU,TRUE,,,
100325_SW27YH,TRUE,,,
100325_UY53CK,TRUE,,,
100325_YF94QB,TRUE,,,
100326_FN55JB,TRUE,,,
100328_CP49HH,TRUE,,,
100328_PS56PH,TRUE,,,
100329_NW33DK,TRUE,,,
100329_XY36VH,TRUE,,,
100330_JC86VH,TRUE,,,
100330_SH66QB,TRUE,,,
100330_WS38QU,TRUE,,,
100330_YN22NH,TRUE,,,
100331_GH73HK,TRUE,,,
100331_RJ66CH,TRUE,,,
100401_HW84YH,TRUE,,,
100401_JM58UU,TRUE,,,
100401_MK97HB,TRUE,,,
100401_PF54YH,TRUE,,,
100401_UF85UB,TRUE,,,
100401_VD74FK,TRUE,,,
100407_BE26UB,TRUE,,,
100407_KC62WK,TRUE,,,
100408_CR76NK,TRUE,,,
100408_SK44EB,TRUE,,,
100408_YE88TK,TRUE,,,
100409_MS87XB,TRUE,,,
100412_DB58PK,TRUE,,,
100412_YT33MH,TRUE,,,
100413_TA53SB,TRUE,,,
100413_YM79KH,TRUE,,,
100414_YV67GH,TRUE,,,
100415_EE77WB,TRUE,,,
100415_RE67WK,TRUE,,,
100415_RY79BB,TRUE,,,
100419_CW44JH,TRUE,,,
100420_KK76FU,TRUE,,,
100420_TQ56YK,TRUE,,,
100420_ZA36NU,TRUE,,,
100421_PR25CU,TRUE,,,
100421_YP45JU,TRUE,,,
100422_HW48KK,TRUE,,,
100422_NT84JU,TRUE,,,
100422_PE46SU,TRUE,,,
100422_TT32KH,TRUE,,,
100422_UF93AB,TRUE,,,
100423_CM98QU,TRUE,,,
100423_FT55SH,TRUE,,,
100423_NA42WH,TRUE,,,
100424_SW45EH,TRUE,,,
100425_BM23SU,TRUE,,,
100425_PS45QU,TRUE,,,
100425_TH37JU,TRUE,,,
100427_FC35MU,TRUE,,,
100427_HZ46HH,TRUE,,,
100427_UK33QU,TRUE,,,
100428_DS95QU,TRUE,,,
100428_MF78MU,TRUE,,,
100429_DQ94XK,TRUE,,,
100429_FJ42UK,TRUE,,,
100429_XV54RB,TRUE,,,
100430_PN86NK,TRUE,,,
100502_SB76KU,TRUE,,,
100503_KK36BB,TRUE,,,
100503_US96BU,TRUE,,,
100504_CA53KU,TRUE,,,
100504_UC73CH,TRUE,,,
100504_ZN47EK,TRUE,,,
100505_CT86CK,TRUE,,,
100506_FH76FK,TRUE,,,
100506_PU58FK,TRUE,,,
100510_SJ74PK,TRUE,,,
100511_WT66WH,TRUE,,,
100513_DT38FB,TRUE,,,
100513_EB47DK,TRUE,,,
100513_EV46CH,TRUE,,,
100514_NK23VB,TRUE,,,
100515_PC98EU,TRUE,,,
100516_EM79AH,TRUE,,,
100516_EN79JU,TRUE,,,
100516_MD76HH,TRUE,,,
100516_PS77DH,TRUE,,,
100516_XK42MU,TRUE,,,
100517_CE49DU,TRUE,,,
100517_WT23SU,TRUE,,,
100518_BC65EU,TRUE,,,
100518_GX68AK,TRUE,,,
100518_HA85TH,TRUE,,,
100519_PH44CH,TRUE,,,
100520_BV87ZB,TRUE,,,
100523_MR25JU,TRUE,,,
100523_PW42TU,TRUE,,,
100523_SM76YU,TRUE,,,
100523_TS78SH,TRUE,,,
100524_DD22HH,TRUE,,,
100525_CH56GH,TRUE,,,
100525_DQ43ZK,TRUE,,,
100525_KF87QH,TRUE,,,
100525_RS77WU,TRUE,,,
100525_YP42JH,TRUE,,,
100526_HU29AH,TRUE,,,
100527_ED28XB,TRUE,,,
100531_JF69GH,TRUE,,,
100531_RP27VH,TRUE,,,
100601_RW94EH,TRUE,,,
100601_TR48XU,TRUE,,,
100601_XC54SH,TRUE,,,
100603_DN57SB,TRUE,,,
100604_RG57JB,TRUE,,,
100606_JY77KU,TRUE,,,
100606_TD39XU,TRUE,,,
100606_YS84RU,TRUE,,,
100607_HT56JH,TRUE,,,
100607_VW96KK,TRUE,,,
100607_WH62JH,TRUE,,,
100608_AK57TH,TRUE,,,
100608_ES65QH,TRUE,,,
100608_MS79DH,TRUE,,,
100609_EB26EU,TRUE,,,
100610_FA73DH,TRUE,,,
100610_FT93QK,TRUE,,,
100614_EY44YK,TRUE,,,
100614_UR58UH,TRUE,,,
100615_MB75TH,TRUE,,,
100615_PB38JU,TRUE,,,
100615_ZX52TU,TRUE,,,
100616_GT66DH,TRUE,,,
100616_KR38CH,TRUE,,,
100616_UJ93UH,TRUE,,,
100616_ZW45VH,TRUE,,,
100617_FV57DU,TRUE,,,
100617_MU74CK,TRUE,,,
100618_HY76FK,TRUE,,,
100618_PG43SB,TRUE,,,
100620_JK47MH,TRUE,,,
100620_PF46UH,TRUE,,,
100620_WK37PU,TRUE,,,
100620_WV63VH,TRUE,,,
100621_JN64YU,TRUE,,,
100621_KU88BB,TRUE,,,
100621_QJ57HH,TRUE,,,
100622_FY89DU,TRUE,,,
100622_HU89HB,TRUE,,,
100622_MQ47AH,TRUE,,,
100622_XK47ZH,TRUE,,,
100623_KU68XU,TRUE,,,
100624_BG66RU,TRUE,,,
100624_GR57GK,TRUE,,,
100625_XB93SB,TRUE,,,
100627_BA34XH,TRUE,,,
100627_HQ69TH,TRUE,,,
100628_KG37YU,TRUE,,,
100628_NC63AK,TRUE,,,
100628_RM25FH,TRUE,,,
100628_RV78KH,TRUE,,,
100629_YF56YU,TRUE,,,
100701_MK84PU,TRUE,,,
100701_NG34YU,TRUE,,,
100701_VT78YB,TRUE,,,
100702_EV89EB,TRUE,,,
100702_HX87MH,TRUE,,,
100702_YX59UB,TRUE,,,
100706_GC73KU,TRUE,,,
100706_VM74VH,TRUE,,,
100708_BJ92RH,TRUE,,,
100708_JU68DH,TRUE,,,
100708_UT44RK,TRUE,,,
100708_WW33SK,TRUE,,,
100709_GH46GU,TRUE,,,
100710_JC96VH,TRUE,,,
100710_JY78PH,TRUE,,,
100710_KE79PH,TRUE,,,
100710_NM45JH,TRUE,,,
100710_NR48HH,TRUE,,,
100712_FK77NH,TRUE,,,
100712_SK38JB,TRUE,,,
100712_SM53SK,TRUE,,,
100712_SZ35PH,TRUE,,,
100713_NB26HH,TRUE,,,
100713_SH99SH,TRUE,,,
100713_UH62QH,TRUE,,,
100713_UK85XH,TRUE,,,
100713_US57UB,TRUE,,,
100713_VH83XB,TRUE,,,
100714_MP45TU,TRUE,,,
100715_QN64MU,TRUE,,,
100715_RN74JB,TRUE,,,
100716_ZG27QU,TRUE,,,
100719_BS69QH,TRUE,,,
100719_JD87FU,TRUE,,,
100719_PM56GU,TRUE,,,
100719_QP93DK,TRUE,,,
100719_XG68JU,TRUE,,,
100719_XV84NH,TRUE,,,
100720_JW43TH,TRUE,,,
100720_QG96NU,TRUE,,,
100720_RX46HH,TRUE,,,
100720_VE22UU,TRUE,,,
100721_BZ69XU,TRUE,,,
100721_JA56WB,TRUE,,,
100721_TG76NU,TRUE,,,
100722_BE64SK,TRUE,,,
100722_WQ84KU,TRUE,,,
100722_YC69GH,TRUE,,,
100723_CY64JU,TRUE,,,
100726_ET35CH,TRUE,,,
100726_FF67JH,TRUE,,,
100726_PQ76MH,TRUE,,,
100727_FN94RU,TRUE,,,
100728_NX59SH,TRUE,,,
100729_BC64XK,TRUE,,,
100731_MK82GH,TRUE,,,
100731_NN83EU,TRUE,,,
100731_XG87DH,TRUE,,,
100731_YT94YH,TRUE,,,
100802_YN65BK,TRUE,,,
100805_XY57VU,TRUE,,,
100808_DV96QH,TRUE,,,
100808_FX62QH,TRUE,,,
100808_XV59VH,TRUE,,,
100809_EH66DB,TRUE,,,
100810_BK84HH,TRUE,,,
100810_JV87XH,TRUE,,,
100810_NX39XU,TRUE,,,
100810_UY22YU,TRUE,,,
100811_NG73PU,TRUE,,,
100811_VC65WH,TRUE,,,
100812_FN48WB,TRUE,,,
100812_PG43VH,TRUE,,,
100812_SK63UH,TRUE,,,
100812_YY87DU,TRUE,,,
100813_RV89UU,TRUE,,,
100816_GJ36YK,TRUE,,,
100816_TN23KB,TRUE,,,
100817_SN87EU,TRUE,,,
100817_VQ97UU,TRUE,,,
100818_YD35BH,TRUE,,,
100819_JP24UB,TRUE,,,
100819_NG44NH,TRUE,,,
100819_UY36FU,TRUE,,,
100820_UP78NU,TRUE,,,
100824_GH24YU,TRUE,,,
100824_SR54QB,TRUE,,,
100824_TY85TU,TRUE,,,
100824_VR26FU,TRUE,,,
100825_SE76GH,TRUE,,,
100826_AA73BK,TRUE,,,
100827_FN57FB,TRUE,,,
100827_WR87RU,TRUE,,,
100829_GN63XH,TRUE,,,
100829_VG68BH,TRUE,,,
100830_CK35CH,TRUE,,,
100830_QH75KU,TRUE,,,
100830_QH96RU,TRUE,,,
100830_RK42HK,TRUE,,,
100830_SB47BH,TRUE,,,
100830_VC62DU,TRUE,,,
100830_VQ88HB,TRUE,,,
100830_YE63WH,TRUE,,,
100830_ZG76PU,TRUE,,,
100831_BK45GH,TRUE,,,
100831_XX36WU,TRUE,,,
100902_EV55PH,TRUE,,,
100902_FP62YK,TRUE,,,
100902_VV87NH,TRUE,,,
100907_HY25UU,TRUE,,,
100907_KV43EH,TRUE,,,
100907_ZP88SU,TRUE,,,
100909_EW28CU,TRUE,,,
100909_FP82MU,TRUE,,,
100912_NR97GU,TRUE,,,
100913_CW37AH,TRUE,,,
100913_DF68VH,TRUE,,,
100913_GK78BB,TRUE,,,
100913_HC86SU,TRUE,,,
100913_HS83KH,TRUE,,,
100913_MS97RU,TRUE,,,
100913_VF45HH,TRUE,,,
100914_NK33KU,TRUE,,,
100914_PT85YU,TRUE,,,
100914_WE26TH,TRUE,,,
100914_YV36AU,TRUE,,,
100915_CA68BU,TRUE,,,
100915_EJ25HU,TRUE,,,
100916_AK45CB,TRUE,,,
100916_RP87YK,TRUE,,,
100916_TG83SB,TRUE,,,
100917_UB75WU,TRUE,,,
100920_FG79GH,TRUE,,,
100920_MT56PH,TRUE,,,
100920_NE33KU,TRUE,,,
100920_PT93JU,TRUE,,,
100920_TM74PK,TRUE,,,
100920_UG36UH,TRUE,,,
100921_BS37MU,TRUE,,,
100921_CX47ZH,TRUE,,,
100921_JJ28BH,TRUE,,,
100921_PG48SU,TRUE,,,
100922_YN33TH,TRUE,,,
100923_BU38YK,TRUE,,,
100923_DJ22EH,TRUE,,,
100923_PR88CB,TRUE,,,
100923_YH47JH,TRUE,,,
100924_NU28QH,TRUE,,,
100926_BX25EU,TRUE,,,
100926_EC54FU,TRUE,,,
100926_RJ64EH,TRUE,,,
100926_XC65HH,TRUE,,,
100927_BD68YB,TRUE,,,
100927_TB22GB,TRUE,,,
100928_CF82XU,TRUE,,,
100928_PU37MH,TRUE,,,
100928_YH34CB,TRUE,,,
100929_BU48FU,TRUE,,,
100929_KN86YH,TRUE,,,
100929_KX53GH,TRUE,,,
100930_GQ46ZH,TRUE,,,
100930_RC47VB,TRUE,,,
100930_ZW39PU,TRUE,,,
101004_AY63GU,TRUE,,,
101004_BC38NH,TRUE,,,
101004_KC48BU,TRUE,,,
101004_RD23KH,TRUE,,,
101005_XK68GK,TRUE,,,
101006_GT65YH,TRUE,,,
101007_KN66BB,TRUE,,,
101007_KV78CB,TRUE,,,
101007_RM34MK,TRUE,,,
101007_YX33YB,TRUE,,,
101009_BE47TH,TRUE,,,
101009_XD99DH,TRUE,,,
101009_XQ84BH,TRUE,,,
101011_MP22TH,TRUE,,,
101011_QW79UU,TRUE,,,
101011_WJ79TH,TRUE,,,
101011_ZS47TH,TRUE,,,
101012_AS45TU,TRUE,,,
101013_KG53YU,TRUE,,,
101013_KT85XU,TRUE,,,
101013_XP95MH,TRUE,,,
101014_GW48UU,TRUE,,,
101017_BK45VH,TRUE,,,
101017_EG38QU,TRUE,,,
101017_GF74NU,TRUE,,,
101017_VJ32WU,TRUE,,,
101017_XU63ZU,TRUE,,,
101018_PW34RH,TRUE,,,
101018_UJ86YH,TRUE,,,
101018_UU88BH,TRUE,,,
101020_MF43QU,TRUE,,,
101020_NR56UH,TRUE,,,
101020_QK25UH,TRUE,,,
101020_UU73DU,TRUE,,,
101020_YE78YU,TRUE,,,
101021_MV63DU,TRUE,,,
101025_CY54XH,TRUE,,,
101025_DT74UH,TRUE,,,
101025_FX85UK,TRUE,,,
101025_JK78CU,TRUE,,,
101025_NQ59SU,TRUE,,,
101025_TN99PU,TRUE,,,
101026_PN67CB,TRUE,,,
101027_QH73GU,TRUE,,,
101027_UT44QK,TRUE,,,
101027_WY83XU,TRUE,,,
101028_NC38XB,TRUE,,,
101028_YY38PK,TRUE,,,
101101_CS43FU,TRUE,,,
101101_HT55MH,TRUE,,,
101103_SP44GH,TRUE,,,
101103_UU45TU,TRUE,,,
101103_WM58ZH,TRUE,,,
101104_DQ45UH,TRUE,,,
101104_QF95FH,TRUE,,,
101104_SV47PB,TRUE,,,
101108_RY86MU,TRUE,,,
101109_QU48CU,TRUE,,,
101110_DT76EU,TRUE,,,
101110_TJ78MH,TRUE,,,
101111_FN68UB,TRUE,,,
101111_GA47MB,TRUE,,,
101111_WB83TU,TRUE,,,
101115_XW87MB,TRUE,,,
101117_CP33DH,TRUE,,,
101117_GB35QU,TRUE,,,
101117_HD86YH,TRUE,,,
101118_DB76UH,TRUE,,,
101118_JW75KK,TRUE,,,
101118_SQ78WH,TRUE,,,
101118_UT24SK,TRUE,,,
101121_DZ73MH,TRUE,,,
101121_RB74WH,TRUE,,,
101121_YP46DU,TRUE,,,
101122_GT87SH,TRUE,,,
101122_ME66AH,TRUE,,,
101122_RR46MU,TRUE,,,
101122_TT45QK,TRUE,,,
101122_VQ47PH,TRUE,,,
101122_WP77SK,TRUE,,,
101124_FD46JH,TRUE,,,
101124_WF76HH,TRUE,,,
101129_KK24NU,TRUE,,,
101201_ST37EH,TRUE,,,
101202_FY44XK,TRUE,,,
101202_VJ47DK,TRUE,,,
101203_GG22GU,TRUE,,,
101203_XY89PU,TRUE,,,
101204_SN75EH,TRUE,,,
101204_WE57ZU,TRUE,,,
101205_AX63VH,TRUE,,,
101205_JE35UH,TRUE,,,
101205_RC75YU,TRUE,,,
101205_RN44DU,TRUE,,,
101205_UE84KH,TRUE,,,
101205_VY79XH,TRUE,,,
101205_ZH66JU,TRUE,,,
101206_TW39BU,TRUE,,,
101207_SE78XU,TRUE,,,
101208_AQ42UU,TRUE,,,
101208_DQ73BH,TRUE,,,
101208_GV52RH,TRUE,,,
101208_SF73JU,TRUE,,,
101208_UP76RU,TRUE,,,
101210_UK82ZH,TRUE,,,
101210_UY37VU,TRUE,,,
101211_GE84AU,TRUE,,,
101212_QV37DU,TRUE,,,
101213_MN86TU,TRUE,,,
101215_DH73ZU,TRUE,,,
101215_MM53WH,TRUE,,,
101216_BP89NB,TRUE,,,
101216_XJ47MK,TRUE,,,
101220_FD78NU,TRUE,,,
101220_XC97BH,TRUE,,,
101222_GV98GH,TRUE,,,
101222_YE95QH,TRUE,,,
101223_HJ23YK,TRUE,,,
101230_ZK96YB,TRUE,,,
110103_CR64WU,TRUE,,,
110103_JV75FH,TRUE,,,
110103_KK24MU,TRUE,,,
110103_RP44QH,TRUE,,,
110104_ZQ57BK,TRUE,,,
110106_MM72ZH,TRUE,,,
110106_PT49CB,TRUE,,,
110106_SH88SK,TRUE,,,
110109_MB78GH,TRUE,,,
110109_WG48MU,TRUE,,,
110110_AG45VU,TRUE,,,
110110_CJ43CU,TRUE,,,
110110_KA34RU,TRUE,,,
110110_ND75TU,TRUE,,,
110110_PK98PB,TRUE,,,
110111_NZ32XB,TRUE,,,
110113_DF75WH,TRUE,,,
110113_FB48DH,TRUE,,,
110113_GD34MU,TRUE,,,
110114_ZU45HH,TRUE,,,
110115_BJ98KH,TRUE,,,
110115_MQ48RU,TRUE,,,
110117_KP24HU,TRUE,,,
110119_WF65CH,TRUE,,,
110120_CN46JU,TRUE,,,
110120_HY65RU,TRUE,,,
110120_VS45ZB,TRUE,,,
110121_VD95ZK,TRUE,,,
110124_HK37WU,TRUE,,,
110124_JJ63PU,TRUE,,,
110124_KV58BU,TRUE,,,
110124_TX32UH,TRUE,,,
110125_HJ38QK,TRUE,,,
110125_ZN96UU,TRUE,,,
110127_FN64JH,TRUE,,,
110131_HF34JK,TRUE,,,
110131_KF38KU,TRUE,,,
110131_TV44JU,TRUE,,,
110203_KJ38JB,TRUE,,,
110203_NE47RK,TRUE,,,
110203_QN74QH,TRUE,,,
110203_ZT54XB,TRUE,,,
110205_TQ88PH,TRUE,,,
110205_UE38YH,TRUE,,,
110206_BJ37UU,TRUE,,,
110206_KM53RU,TRUE,,,
110206_NG28BU,TRUE,,,
110206_NH96XU,TRUE,,,
110206_NK84KU,TRUE,,,
110206_TV43AH,TRUE,,,
110207_CQ53WU,TRUE,,,
110207_FC74YU,TRUE,,,
110207_PB36MU,TRUE,,,
110207_TE93YH,TRUE,,,
110207_XF42JU,TRUE,,,
110208_HN68FB,TRUE,,,
110208_UH54YH,TRUE,,,
110209_JM97PU,TRUE,,,
110210_YJ44NB,TRUE,,,
110210_YQ72PK,TRUE,,,
110214_BP87XH,TRUE,,,
110214_TE28MH,TRUE,,,
110214_TK32NK,TRUE,,,
110214_TT73UU,TRUE,,,
110214_ZH84QB,TRUE,,,
110215_FD85BK,TRUE,,,
110215_JB84SH,TRUE,,,
110217_JY88FH,TRUE,,,
110217_QN78TH,TRUE,,,
110217_SB36TB,TRUE,,,
110222_NA34XK,TRUE,,,
110222_PH34RU,TRUE,,,
110224_CU73CH,TRUE,,,
110224_DN48QU,TRUE,,,
110226_AG23CU,TRUE,,,
110226_RJ84CU,TRUE,,,
110226_XJ58YU,TRUE,,,
110228_DA78MH,TRUE,,,
110228_FF72DU,TRUE,,,
110228_FP84ZU,TRUE,,,
110228_QC65JU,TRUE,,,
110228_QK46YH,TRUE,,,
110228_QY98RK,TRUE,,,
110303_FF35CK,TRUE,,,
110303_MK63TU,TRUE,,,
110306_AK72BU,TRUE,,,
110306_BJ58FH,TRUE,,,
110306_QW55XU,TRUE,,,
110306_RB86DU,TRUE,,,
110306_RU56WU,TRUE,,,
110306_SJ96CH,TRUE,,,
110307_CQ66NU,TRUE,,,
110307_RK83RU,TRUE,,,
110307_RW89FK,TRUE,,,
110307_XU48XB,TRUE,,,
110310_JH34KU,TRUE,,,
110310_MW98HB,TRUE,,,
110314_GC53GU,TRUE,,,
110314_JD99RH,TRUE,,,
110314_JK32DK,TRUE,,,
110314_WD34CH,TRUE,,,
110317_JT65FU,TRUE,,,
110321_ES35JH,TRUE,,,
110324_EK83WK,TRUE,,,
110324_HS97PU,TRUE,,,
110324_RX23GH,TRUE,,,
110324_SP63YB,TRUE,,,
110326_RT64SB,TRUE,,,
110328_CM62SB,TRUE,,,
110328_FE86AU,TRUE,,,
110328_GV45FU,TRUE,,,
110328_XQ66DH,TRUE,,,
110328_YQ97KB,TRUE,,,
110331_BC92DB,TRUE,,,
110331_JS98EK,TRUE,,,
110331_MF58QH,TRUE,,,
110331_XP58QU,TRUE,,,
110331_XQ58PU,TRUE,,,
110403_CR87JH,TRUE,,,
110403_FN87BH,TRUE,,,
110403_JB42RH,TRUE,,,
110403_MA23XH,TRUE,,,
110403_WD84DU,TRUE,,,
110404_DA56YH,TRUE,,,
110404_DR83SK,TRUE,,,
110404_PT37TU,TRUE,,,
110404_QU58NU,TRUE,,,
110405_DW59EK,TRUE,,,
110405_GY59AB,TRUE,,,
110407_GU26EU,TRUE,,,
110407_NK48MU,TRUE,,,
110407_SQ58XK,TRUE,,,
110407_UU54VH,TRUE,,,
110408_QX82MB,TRUE,,,
110411_UR83BH,TRUE,,,
110411_ZR45GU,TRUE,,,
110412_DU93MK,TRUE,,,
110414_DB87WH,TRUE,,,
110414_DN42XU,TRUE,,,
110414_GE76EK,TRUE,,,
110414_QP88NK,TRUE,,,
110418_GU83VU,TRUE,,,
110418_UD38MU,TRUE,,,
110418_UQ32VH,TRUE,,,
110419_PR46JK,TRUE,,,
110421_CH54VB,TRUE,,,
110421_QY59KK,TRUE,,,
110421_XU86XK,TRUE,,,
110421_ZM65QH,TRUE,,,
110425_BG68BH,TRUE,,,
110425_MP88GH,TRUE,,,
110426_CG79FU,TRUE,,,
110428_BU33MB,TRUE,,,
110428_EE34RK,TRUE,,,
110428_TP65SK,TRUE,,,
110428_UH87KK,TRUE,,,
110428_US67PH,TRUE,,,
110428_UT83QH,TRUE,,,
110502_TX56MB,TRUE,,,
110503_WZ65BB,TRUE,,,
110505_MW35KB,TRUE,,,
110505_QP35AU,TRUE,,,
110505_SB37GU,TRUE,,,
110506_VY37RB,TRUE,,,
110509_RD88MB,TRUE,,,
110512_QD42GH,TRUE,,,
110512_UK23NU,TRUE,,,
110515_CF77GH,TRUE,,,
110515_EP66TH,TRUE,,,
110515_QH79NU,TRUE,,,
110515_ZK94UH,TRUE,,,
110516_NM22WK,TRUE,,,
110516_VY83FB,TRUE,,,
110519_PB23KK,TRUE,,,
110519_PH96UU,TRUE,,,
110519_XR79RH,TRUE,,,
110519_XY46NB,TRUE,,,
110523_GC87QH,TRUE,,,
110523_NS32JH,TRUE,,,
110526_AT62UH,TRUE,,,
110526_FR96VH,TRUE,,,
110526_MB43DU,TRUE,,,
110526_XA58VK,TRUE,,,
110526_YE37PH,TRUE,,,
110602_MS84VK,TRUE,,,
110609_YJ84WB,TRUE,,,
110612_HK79AH,TRUE,,,
110612_VA55RH,TRUE,,,
110612_XH86DU,TRUE,,,
110613_WB33NU,TRUE,,,
110614_UN32DK,TRUE,,,
110616_MD46VU,TRUE,,,
110616_RT94FH,TRUE,,,
110616_TJ68AU,TRUE,,,
110617_YC67GB,TRUE,,,
110622_BD38HK,TRUE,,,
110623_EH97DU,TRUE,,,
110627_CJ47EK,TRUE,,,
110627_RV46CB,TRUE,,,
110628_KJ77TB,TRUE,,,
110629_VF57DB,TRUE,,,
110630_HW69QB,TRUE,,,
110630_WN77YU,TRUE,,,
110630_XT24CH,TRUE,,,
110707_NM64BK,TRUE,,,
110707_UP67KB,TRUE,,,
110708_DG44SB,TRUE,,,
110708_UZ88VB,TRUE,,,
110715_QA77DB,TRUE,,,
110718_NW28RH,TRUE,,,
110721_ZE83TB,TRUE,,,
110728_SC98SK,TRUE,,,
110728_SF43MB,TRUE,,,
110729_DS34NK,TRUE,,,
110804_FQ48UK,TRUE,,,
110804_MW35UB,TRUE,,,
110808_AX38WU,TRUE,,,
110809_YY34CB,TRUE,,,
110810_SQ47NB,TRUE,,,
110811_GA37HB,TRUE,,,
110811_XK48HK,TRUE,,,
110816_SH63BB,TRUE,,,
110819_VE23VB,TRUE,,,
110823_UW76FB,TRUE,,,
110825_VY44EB,TRUE,,,
110830_NQ84VB,TRUE,,,
110901_MS74CK,TRUE,,,
110908_KQ63DB,TRUE,,,
110908_NE54UB,TRUE,,,
110912_FN66YK,TRUE,,,
110915_JC55EK,TRUE,,,
110915_PA32MB,TRUE,,,
110919_RE33SB,TRUE,,,
110922_KP97JB,TRUE,,,
110922_TQ34EB,TRUE,,,
110922_YS35TK,TRUE,,,
110929_BH44FK,TRUE,,,
110929_EW88SB,TRUE,,,
111003_NA56GU,TRUE,,,
111013_QH66YK,TRUE,,,
111020_HS59HB,TRUE,,,
111031_ZY77CB,TRUE,,,
111102_QJ29QB,TRUE,,,
111103_EV38QK,TRUE,,,
111110_NT62PK,TRUE,,,
111110_SP28EK,TRUE,,,
111114_PM76XK,TRUE,,,
111117_JT44TK,TRUE,,,
111117_KT58WB,TRUE,,,
111117_TG37ZK,TRUE,,,
111201_JG35VB,TRUE,,,
111208_TS59KK,TRUE,,,
111212_PM83GB,TRUE,,,
111212_SG84TB,TRUE,,,
111215_KF28EK,TRUE,,,
111215_US79CB,TRUE,,,
111222_KN65CK,TRUE,,,
111226_KR88JK,TRUE,,,
111229_FR83JK,TRUE,,,
111229_MG85HB,TRUE,,,
120105_TC64FB,TRUE,,,
120105_WF72MB,TRUE,,,
120109_MC93SH,TRUE,,,
120110_BQ87GK,TRUE,,,
120112_QB56PB,TRUE,,,
120119_DG66FK,TRUE,,,
120119_FS66YB,TRUE,,,
120120_QV52VK,TRUE,,,
120123_DX36NU,TRUE,,,
120123_EV77RH,TRUE,,,
120123_NR96VB,TRUE,,,
120126_KS46NK,TRUE,,,
120130_CW54BH,TRUE,,,
120130_HY48TU,TRUE,,,
120202_CT56UB,TRUE,,,
120202_UQ92HK,TRUE,,,
120206_HK47MH,TRUE,,,
120213_AQ96CU,TRUE,,,
120216_NR64DB,TRUE,,,
120222_FF57CU,TRUE,,,
120223_AE37VB,TRUE,,,
120223_CM58DK,TRUE,,,
120223_RH77FB,TRUE,,,
120227_CM62AH,TRUE,,,
120227_HM76XH,TRUE,,,
120301_CH77YB,TRUE,,,
120301_MX93TB,TRUE,,,
120305_MN48VU,TRUE,,,
120308_NC26FK,TRUE,,,
120312_CT59GH,TRUE,,,
120315_AN33DK,TRUE,,,
120315_QK76CB,TRUE,,,
120319_ZH44WH,TRUE,,,
120322_CS87PB,TRUE,,,
120322_GN96AK,TRUE,,,
120322_NV42WK,TRUE,,,
120402_GE86TU,TRUE,,,
120405_QZ74FB,TRUE,,,
120405_YP76DK,TRUE,,,
120409_CA37BU,TRUE,,,
120409_ST64VU,TRUE,,,
120412_NM75XK,TRUE,,,
120416_TX36DH,TRUE,,,
120419_UB72FK,TRUE,,,
120419_YA82CK,TRUE,,,
120426_SZ68PK,TRUE,,,
120503_JT57ZK,TRUE,,,
120517_KS28GK,TRUE,,,
120524_HC92HB,TRUE,,,
120524_MK68HB,TRUE,,,
120531_QH73NB,TRUE,,,
120531_WK22XK,TRUE,,,
120607_DG98WB,TRUE,,,
120621_GR56EK,TRUE,,,
120628_DZ38NB,TRUE,,,
120628_GS76SB,TRUE,,,
120705_VK55SK,TRUE,,,
120719_UJ59KB,TRUE,,,